repeat,noise_fraction,protocol,eigen_index,eigenvalue,retained_90
0,0.0,deterministic,1,259.4965599174039,3
0,0.0,deterministic,2,69.0857580727709,3
0,0.0,deterministic,3,50.284536185552184,3
0,0.0,deterministic,4,36.18320085956992,3
0,0.0,deterministic,5,0.87592078043753,3
0,0.0,deterministic,6,0.5745473943747611,3
0,0.0,deterministic,7,0.47358293827800557,3
0,0.0,deterministic,8,0.416536159067479,3
0,0.0,deterministic,9,0.3842779035269326,3
0,0.0,deterministic,10,0.3554627972784153,3
0,0.05,CRN,1,245.09902041505617,4
0,0.05,CRN,2,63.819306981436426,4
0,0.05,CRN,3,49.908706323699136,4
0,0.05,CRN,4,39.71636359805418,4
0,0.05,CRN,5,0.966833806549263,4
0,0.05,CRN,6,0.6009537622214053,4
0,0.05,CRN,7,0.5351352060461599,4
0,0.05,CRN,8,0.47646307380106245,4
0,0.05,CRN,9,0.3185234766962968,4
0,0.05,CRN,10,0.2676777580921563,4
0,0.05,independent,1,370.32830157999206,8
0,0.05,independent,2,169.6654814920185,8
0,0.05,independent,3,110.47695358475885,8
0,0.05,independent,4,93.03721927404223,8
0,0.05,independent,5,89.90103776741897,8
0,0.05,independent,6,89.0464880808779,8
0,0.05,independent,7,79.60316807291464,8
0,0.05,independent,8,77.14035984292931,8
0,0.05,independent,9,45.149461980660796,8
0,0.05,independent,10,37.62711018060397,8
0,0.15,CRN,1,269.7188391584417,3
0,0.15,CRN,2,70.57732318969482,3
0,0.15,CRN,3,47.829401437532226,3
0,0.15,CRN,4,35.50727794675351,3
0,0.15,CRN,5,0.8968442861812369,3
0,0.15,CRN,6,0.6042298754362909,3
0,0.15,CRN,7,0.5292378773837243,3
0,0.15,CRN,8,0.5161116748190061,3
0,0.15,CRN,9,0.4368233559269824,3
0,0.15,CRN,10,0.3565324455391402,3
0,0.15,independent,1,8466.549631512811,6
0,0.15,independent,2,2809.3974777053136,6
0,0.15,independent,3,1467.5182693655486,6
0,0.15,independent,4,630.3285247794101,6
0,0.15,independent,5,606.9599021017157,6
0,0.15,independent,6,554.0602567581315,6
0,0.15,independent,7,537.0976503286284,6
0,0.15,independent,8,401.1967431637984,6
0,0.15,independent,9,319.737924517086,6
0,0.15,independent,10,309.4428540815614,6
1,0.0,deterministic,1,247.59651664533823,4
1,0.0,deterministic,2,63.71823234878201,4
1,0.0,deterministic,3,47.7252447568618,4
1,0.0,deterministic,4,43.842910713674485,4
1,0.0,deterministic,5,0.7658146387489974,4
1,0.0,deterministic,6,0.6148156555527211,4
1,0.0,deterministic,7,0.5547858699627946,4
1,0.0,deterministic,8,0.3814436950536659,4
1,0.0,deterministic,9,0.3475067511148297,4
1,0.0,deterministic,10,0.3238159924535709,4
1,0.05,CRN,1,269.7188391584417,3
1,0.05,CRN,2,70.57732318969484,3
1,0.05,CRN,3,47.82940143753223,3
1,0.05,CRN,4,35.50727794675349,3
1,0.05,CRN,5,0.8968442861812378,3
1,0.05,CRN,6,0.6042298754362919,3
1,0.05,CRN,7,0.5292378773837307,3
1,0.05,CRN,8,0.5161116748190051,3
1,0.05,CRN,9,0.4368233559269837,3
1,0.05,CRN,10,0.3565324455391402,3
1,0.05,independent,1,995.5383538077527,6
1,0.05,independent,2,344.50674641319796,6
1,0.05,independent,3,312.5870004187755,6
1,0.05,independent,4,157.94449147754847,6
1,0.05,independent,5,85.27179135548882,6
1,0.05,independent,6,70.1852242110827,6
1,0.05,independent,7,67.63575775746259,6
1,0.05,independent,8,60.256747078872685,6
1,0.05,independent,9,36.16945009635309,6
1,0.05,independent,10,34.858515166581036,6
1,0.15,CRN,1,252.7085276867686,4
1,0.15,CRN,2,65.18985016281195,4
1,0.15,CRN,3,53.832758096235374,4
1,0.15,CRN,4,43.06855928012161,4
1,0.15,CRN,5,0.9985187249707909,4
1,0.15,CRN,6,0.612318290069885,4
1,0.15,CRN,7,0.5150704346814247,4
1,0.15,CRN,8,0.4193501399283392,4
1,0.15,CRN,9,0.3051932942388045,4
1,0.15,CRN,10,0.28419050384607075,4
1,0.15,independent,1,940.4375706392258,9
1,0.15,independent,2,933.4753206096291,9
1,0.15,independent,3,900.3188887497898,9
1,0.15,independent,4,621.9144440049125,9
1,0.15,independent,5,550.9284069121547,9
1,0.15,independent,6,525.8610579481788,9
1,0.15,independent,7,508.2804581432506,9
1,0.15,independent,8,454.27792171631114,9
1,0.15,independent,9,432.8672138345674,9
1,0.15,independent,10,399.92271798920495,9
2,0.0,deterministic,1,237.065050594485,4
2,0.0,deterministic,2,61.85511620448664,4
2,0.0,deterministic,3,51.48334811786604,4
2,0.0,deterministic,4,40.493132873227104,4
2,0.0,deterministic,5,0.7534487303229072,4
2,0.0,deterministic,6,0.48021609792168823,4
2,0.0,deterministic,7,0.38880545561805985,4
2,0.0,deterministic,8,0.36118194447450597,4
2,0.0,deterministic,9,0.3378262264620029,4
2,0.0,deterministic,10,0.2460539362804298,4
2,0.05,CRN,1,252.7085276867685,4
2,0.05,CRN,2,65.18985016281198,4
2,0.05,CRN,3,53.83275809623539,4
2,0.05,CRN,4,43.06855928012161,4
2,0.05,CRN,5,0.9985187249707891,4
2,0.05,CRN,6,0.6123182900698824,4
2,0.05,CRN,7,0.5150704346814243,4
2,0.05,CRN,8,0.41935013992833925,4
2,0.05,CRN,9,0.30519329423880287,4
2,0.05,CRN,10,0.28419050384607275,4
2,0.05,independent,1,309.69724345304564,8
2,0.05,independent,2,158.9508772172659,8
2,0.05,independent,3,126.79345871457888,8
2,0.05,independent,4,104.71098955705354,8
2,0.05,independent,5,100.10766970027584,8
2,0.05,independent,6,61.697056364443156,8
2,0.05,independent,7,56.71521682869877,8
2,0.05,independent,8,50.89001032132467,8
2,0.05,independent,9,48.43669186667147,8
2,0.05,independent,10,44.83175890297719,8
2,0.15,CRN,1,263.7919739465996,3
2,0.15,CRN,2,67.45473242437139,3
2,0.15,CRN,3,45.196459314321814,3
2,0.15,CRN,4,31.586419955820908,3
2,0.15,CRN,5,0.9532122670195174,3
2,0.15,CRN,6,0.5998997971280899,3
2,0.15,CRN,7,0.5382893014490229,3
2,0.15,CRN,8,0.4176626977183516,3
2,0.15,CRN,9,0.33095824333834073,3
2,0.15,CRN,10,0.32762224181443234,3
2,0.15,independent,1,860.1261124167627,9
2,0.15,independent,2,839.4810114519559,9
2,0.15,independent,3,658.5710347311087,9
2,0.15,independent,4,494.75208833337337,9
2,0.15,independent,5,472.9839503571268,9
2,0.15,independent,6,432.26559562667586,9
2,0.15,independent,7,375.93067440303463,9
2,0.15,independent,8,357.3371112143548,9
2,0.15,independent,9,350.52143372711254,9
2,0.15,independent,10,298.99423779266544,9
3,0.0,deterministic,1,249.99554262530728,3
3,0.0,deterministic,2,67.13627733901956,3
3,0.0,deterministic,3,44.43904637354688,3
3,0.0,deterministic,4,34.570915223742496,3
3,0.0,deterministic,5,0.8448535866538671,3
3,0.0,deterministic,6,0.5570452924483488,3
3,0.0,deterministic,7,0.45378841411390475,3
3,0.0,deterministic,8,0.39769208871731465,3
3,0.0,deterministic,9,0.37030481534237064,3
3,0.0,deterministic,10,0.28709651949719056,3
3,0.05,CRN,1,263.7919739465995,3
3,0.05,CRN,2,67.45473242437151,3
3,0.05,CRN,3,45.19645931432181,3
3,0.05,CRN,4,31.58641995582089,3
3,0.05,CRN,5,0.9532122670195222,3
3,0.05,CRN,6,0.5998997971280942,3
3,0.05,CRN,7,0.5382893014490219,3
3,0.05,CRN,8,0.41766269771835857,3
3,0.05,CRN,9,0.3309582433383415,3
3,0.05,CRN,10,0.3276222418144326,3
3,0.05,independent,1,328.625378080964,8
3,0.05,independent,2,116.57830189447279,8
3,0.05,independent,3,100.9020239620108,8
3,0.05,independent,4,94.19079506367746,8
3,0.05,independent,5,91.91611522738346,8
3,0.05,independent,6,53.08376874611512,8
3,0.05,independent,7,48.27803474075392,8
3,0.05,independent,8,44.76185155327723,8
3,0.05,independent,9,39.53173966148218,8
3,0.05,independent,10,33.84786435042768,8
3,0.15,CRN,1,243.64832497975573,3
3,0.15,CRN,2,60.79555397649871,3
3,0.15,CRN,3,47.794616308200304,3
3,0.15,CRN,4,27.780438485604343,3
3,0.15,CRN,5,0.7488926149991331,3
3,0.15,CRN,6,0.5635250131151008,3
3,0.15,CRN,7,0.5215668915582125,3
3,0.15,CRN,8,0.4628882992799028,3
3,0.15,CRN,9,0.38741944213071117,3
3,0.15,CRN,10,0.3134009623162117,3
3,0.15,independent,1,5204.090064281359,8
3,0.15,independent,2,2219.46784196586,8
3,0.15,independent,3,916.2400771464503,8
3,0.15,independent,4,864.4281646983919,8
3,0.15,independent,5,851.6456025193384,8
3,0.15,independent,6,802.7887549348362,8
3,0.15,independent,7,692.045581951716,8
3,0.15,independent,8,585.4598612069091,8
3,0.15,independent,9,456.9201156270924,8
3,0.15,independent,10,428.74496684438964,8
4,0.0,deterministic,1,266.771170618383,3
4,0.0,deterministic,2,71.07481826992695,3
4,0.0,deterministic,3,50.65644874555035,3
4,0.0,deterministic,4,32.33121843007957,3
4,0.0,deterministic,5,0.9953705419494377,3
4,0.0,deterministic,6,0.6036824966045521,3
4,0.0,deterministic,7,0.5245784762980473,3
4,0.0,deterministic,8,0.39086031457975806,3
4,0.0,deterministic,9,0.3429630500971576,3
4,0.0,deterministic,10,0.28394385359289254,3
4,0.05,CRN,1,243.64832497975573,3
4,0.05,CRN,2,60.79555397649869,3
4,0.05,CRN,3,47.79461630820038,3
4,0.05,CRN,4,27.780438485604353,3
4,0.05,CRN,5,0.748892614999134,3
4,0.05,CRN,6,0.5635250131151026,3
4,0.05,CRN,7,0.5215668915582115,3
4,0.05,CRN,8,0.4628882992798996,3
4,0.05,CRN,9,0.387419442130713,3
4,0.05,CRN,10,0.31340096231621056,3
4,0.05,independent,1,578.497171959619,8
4,0.05,independent,2,399.4115705123015,8
4,0.05,independent,3,191.55368458597124,8
4,0.05,independent,4,150.81266772048085,8
4,0.05,independent,5,117.59455641644392,8
4,0.05,independent,6,102.02479261908381,8
4,0.05,independent,7,95.17229987329702,8
4,0.05,independent,8,85.72815943777042,8
4,0.05,independent,9,51.23613811287101,8
4,0.05,independent,10,47.92961492771837,8
4,0.15,CRN,1,235.23805396616953,4
4,0.15,CRN,2,68.82393779710858,4
4,0.15,CRN,3,44.2722174088199,4
4,0.15,CRN,4,37.06145448084701,4
4,0.15,CRN,5,0.9243195280525289,4
4,0.15,CRN,6,0.48643968647423363,4
4,0.15,CRN,7,0.43048431559472544,4
4,0.15,CRN,8,0.3916040159457842,4
4,0.15,CRN,9,0.32583524048577406,4
4,0.15,CRN,10,0.3137299385623911,4
4,0.15,independent,1,884.4757242294536,9
4,0.15,independent,2,812.9180555642583,9
4,0.15,independent,3,588.5678297537967,9
4,0.15,independent,4,435.33466520839045,9
4,0.15,independent,5,420.4000340742092,9
4,0.15,independent,6,379.30220869312296,9
4,0.15,independent,7,348.67145266779244,9
4,0.15,independent,8,331.489164164761,9
4,0.15,independent,9,306.85673722570584,9
4,0.15,independent,10,286.7438248857795,9
5,0.0,deterministic,1,254.01080620519446,3
5,0.0,deterministic,2,65.878429143455,3
5,0.0,deterministic,3,51.52163290974085,3
5,0.0,deterministic,4,28.52262234431792,3
5,0.0,deterministic,5,0.7315396780947105,3
5,0.0,deterministic,6,0.5641137442105931,3
5,0.0,deterministic,7,0.5464401139813588,3
5,0.0,deterministic,8,0.4174837248491782,3
5,0.0,deterministic,9,0.38538024393859155,3
5,0.0,deterministic,10,0.34399081755577576,3
5,0.05,CRN,1,235.23805396616953,4
5,0.05,CRN,2,68.82393779710867,4
5,0.05,CRN,3,44.2722174088199,4
5,0.05,CRN,4,37.06145448084704,4
5,0.05,CRN,5,0.9243195280525528,4
5,0.05,CRN,6,0.48643968647424135,4
5,0.05,CRN,7,0.430484315594728,4
5,0.05,CRN,8,0.39160401594578503,4
5,0.05,CRN,9,0.3258352404857761,4
5,0.05,CRN,10,0.31372993856239795,4
5,0.05,independent,1,301.10738665195936,8
5,0.05,independent,2,107.21074767960981,8
5,0.05,independent,3,98.4926531579067,8
5,0.05,independent,4,97.5829031500142,8
5,0.05,independent,5,79.34656573280095,8
5,0.05,independent,6,50.9559398938,8
5,0.05,independent,7,42.81742639945871,8
5,0.05,independent,8,39.57800722186668,8
5,0.05,independent,9,37.16869605046403,8
5,0.05,independent,10,32.1182685037344,8
5,0.15,CRN,1,247.79219790741584,4
5,0.15,CRN,2,66.83478646721048,4
5,0.15,CRN,3,50.18443461607492,4
5,0.15,CRN,4,44.969152203780176,4
5,0.15,CRN,5,0.8422331639743088,4
5,0.15,CRN,6,0.586745000026113,4
5,0.15,CRN,7,0.4511028711331532,4
5,0.15,CRN,8,0.371557539839732,4
5,0.15,CRN,9,0.3517872969800164,4
5,0.15,CRN,10,0.2523117507924907,4
5,0.15,independent,1,1477.3494429491282,8
5,0.15,independent,2,1182.311833207808,8
5,0.15,independent,3,1145.9979886024287,8
5,0.15,independent,4,1086.9004256092949,8
5,0.15,independent,5,996.1649966265951,8
5,0.15,independent,6,624.1146678172989,8
5,0.15,independent,7,601.4502731252408,8
5,0.15,independent,8,503.26016582506696,8
5,0.15,independent,9,471.8058704849628,8
5,0.15,independent,10,348.9621952918027,8
6,0.0,deterministic,1,283.44385925055724,3
6,0.0,deterministic,2,65.38513262144828,3
6,0.0,deterministic,3,47.360940738198025,3
6,0.0,deterministic,4,25.95401359971099,3
6,0.0,deterministic,5,0.9096115702694202,3
6,0.0,deterministic,6,0.6758442547059523,3
6,0.0,deterministic,7,0.5734595496471202,3
6,0.0,deterministic,8,0.5015067791601387,3
6,0.0,deterministic,9,0.4328703188065747,3
6,0.0,deterministic,10,0.3654296796856864,3
6,0.05,CRN,1,247.79219790741584,4
6,0.05,CRN,2,66.83478646721048,4
6,0.05,CRN,3,50.18443461607494,4
6,0.05,CRN,4,44.96915220378015,4
6,0.05,CRN,5,0.8422331639742942,4
6,0.05,CRN,6,0.5867450000261083,4
6,0.05,CRN,7,0.45110287113315123,4
6,0.05,CRN,8,0.3715575398397278,4
6,0.05,CRN,9,0.35178729698001304,4
6,0.05,CRN,10,0.2523117507924921,4
6,0.05,independent,1,352.2949317289902,8
6,0.05,independent,2,179.5564746290108,8
6,0.05,independent,3,161.77213734704574,8
6,0.05,independent,4,127.88365635238101,8
6,0.05,independent,5,126.08950777760602,8
6,0.05,independent,6,111.36162584637185,8
6,0.05,independent,7,77.46380627344146,8
6,0.05,independent,8,67.23425498388039,8
6,0.05,independent,9,52.70093342027064,8
6,0.05,independent,10,39.49461898870469,8
6,0.15,CRN,1,255.5874948214306,3
6,0.15,CRN,2,60.63111749734946,3
6,0.15,CRN,3,54.24361988916348,3
6,0.15,CRN,4,34.97299417514808,3
6,0.15,CRN,5,0.8272879072459558,3
6,0.15,CRN,6,0.5760951424154492,3
6,0.15,CRN,7,0.4872340597250402,3
6,0.15,CRN,8,0.3767793649249067,3
6,0.15,CRN,9,0.31751673568142336,3
6,0.15,CRN,10,0.252468419149574,3
6,0.15,independent,1,3295.54244035266,8
6,0.15,independent,2,1984.9987254795515,8
6,0.15,independent,3,1650.05594829792,8
6,0.15,independent,4,953.1993313851482,8
6,0.15,independent,5,806.9395283694215,8
6,0.15,independent,6,673.8129198307685,8
6,0.15,independent,7,512.6179271240858,8
6,0.15,independent,8,475.8207948915838,8
6,0.15,independent,9,437.3238071853789,8
6,0.15,independent,10,412.82745151721406,8
7,0.0,deterministic,1,267.3593536363658,3
7,0.0,deterministic,2,67.97523588367787,3
7,0.0,deterministic,3,48.54466329477011,3
7,0.0,deterministic,4,35.61723475374397,3
7,0.0,deterministic,5,0.9379723563919917,3
7,0.0,deterministic,6,0.5106794015691016,3
7,0.0,deterministic,7,0.49542419010378924,3
7,0.0,deterministic,8,0.41338974307131493,3
7,0.0,deterministic,9,0.3684514405938813,3
7,0.0,deterministic,10,0.28032773648917086,3
7,0.05,CRN,1,255.58749482143065,3
7,0.05,CRN,2,60.631117497349386,3
7,0.05,CRN,3,54.243619889163476,3
7,0.05,CRN,4,34.972994175148045,3
7,0.05,CRN,5,0.8272879072459487,3
7,0.05,CRN,6,0.5760951424154482,3
7,0.05,CRN,7,0.48723405972503725,3
7,0.05,CRN,8,0.3767793649248954,3
7,0.05,CRN,9,0.31751673568142236,3
7,0.05,CRN,10,0.25246841914957424,3
7,0.05,independent,1,400.50899028190776,7
7,0.05,independent,2,366.81749501220366,7
7,0.05,independent,3,242.49376332482035,7
7,0.05,independent,4,168.64113707945958,7
7,0.05,independent,5,139.81536135426714,7
7,0.05,independent,6,90.25291322563177,7
7,0.05,independent,7,57.9446109449174,7
7,0.05,independent,8,53.296786737592335,7
7,0.05,independent,9,49.12444569511822,7
7,0.05,independent,10,46.43945425497068,7
7,0.15,CRN,1,251.93368103271814,4
7,0.15,CRN,2,67.74013135554468,4
7,0.15,CRN,3,50.42229341798227,4
7,0.15,CRN,4,38.91627280704483,4
7,0.15,CRN,5,0.7725347485891081,4
7,0.15,CRN,6,0.5710787065882095,4
7,0.15,CRN,7,0.4794010380569855,4
7,0.15,CRN,8,0.3705542717199619,4
7,0.15,CRN,9,0.33189049053258163,4
7,0.15,CRN,10,0.28969412272376227,4
7,0.15,independent,1,5643.723369657326,7
7,0.15,independent,2,2281.2693955433433,7
7,0.15,independent,3,782.5234320237311,7
7,0.15,independent,4,663.8278177384019,7
7,0.15,independent,5,621.9425103064704,7
7,0.15,independent,6,572.6392100740427,7
7,0.15,independent,7,547.9230515872484,7
7,0.15,independent,8,411.4591864027369,7
7,0.15,independent,9,363.2677653427684,7
7,0.15,independent,10,304.871114380653,7
8,0.0,deterministic,1,259.16628330351404,3
8,0.0,deterministic,2,66.1826208431318,3
8,0.0,deterministic,3,54.83475768973957,3
8,0.0,deterministic,4,30.137291612518894,3
8,0.0,deterministic,5,0.6506596947902188,3
8,0.0,deterministic,6,0.5425489079078946,3
8,0.0,deterministic,7,0.4230141564181375,3
8,0.0,deterministic,8,0.33976280464203495,3
8,0.0,deterministic,9,0.3159091637844639,3
8,0.0,deterministic,10,0.2846037978653762,3
8,0.05,CRN,1,251.93368103271817,4
8,0.05,CRN,2,67.74013135554465,4
8,0.05,CRN,3,50.422293417982296,4
8,0.05,CRN,4,38.91627280704482,4
8,0.05,CRN,5,0.7725347485891048,4
8,0.05,CRN,6,0.5710787065882088,4
8,0.05,CRN,7,0.4794010380569837,4
8,0.05,CRN,8,0.37055427171996064,4
8,0.05,CRN,9,0.3318904905325822,4
8,0.05,CRN,10,0.2896941227237615,4
8,0.05,independent,1,627.5318600427885,7
8,0.05,independent,2,385.6126752090106,7
8,0.05,independent,3,198.0655944080608,7
8,0.05,independent,4,107.20974359332644,7
8,0.05,independent,5,98.38995484388009,7
8,0.05,independent,6,92.91554768103734,7
8,0.05,independent,7,69.5504287576691,7
8,0.05,independent,8,63.887804470001655,7
8,0.05,independent,9,45.935474976265375,7
8,0.05,independent,10,34.436682333154664,7
8,0.15,CRN,1,247.4600086080919,4
8,0.15,CRN,2,63.18462838805404,4
8,0.15,CRN,3,52.2068289054168,4
8,0.15,CRN,4,43.53413205795246,4
8,0.15,CRN,5,0.9034758943382686,4
8,0.15,CRN,6,0.5875380238812795,4
8,0.15,CRN,7,0.48460225906183607,4
8,0.15,CRN,8,0.43542504905219426,4
8,0.15,CRN,9,0.3702148379889391,4
8,0.15,CRN,10,0.27574949756961303,4
8,0.15,independent,1,1103.7195838790676,9
8,0.15,independent,2,1087.6853541391897,9
8,0.15,independent,3,1058.268999370959,9
8,0.15,independent,4,824.1712982485577,9
8,0.15,independent,5,675.8685927758781,9
8,0.15,independent,6,658.2240591747519,9
8,0.15,independent,7,576.2813690838217,9
8,0.15,independent,8,509.8437455303825,9
8,0.15,independent,9,508.58952079147076,9
8,0.15,independent,10,443.5589709600055,9
9,0.0,deterministic,1,248.2678663450976,4
9,0.0,deterministic,2,67.38865623488729,4
9,0.0,deterministic,3,54.97810374386422,4
9,0.0,deterministic,4,39.29463192476572,4
9,0.0,deterministic,5,0.929679375070088,4
9,0.0,deterministic,6,0.61619304205127,4
9,0.0,deterministic,7,0.4669443121413145,4
9,0.0,deterministic,8,0.42270912007958217,4
9,0.0,deterministic,9,0.36988484144766964,4
9,0.0,deterministic,10,0.3241312076266736,4
9,0.05,CRN,1,247.46000860809184,4
9,0.05,CRN,2,63.184628388054,4
9,0.05,CRN,3,52.20682890541677,4
9,0.05,CRN,4,43.53413205795245,4
9,0.05,CRN,5,0.9034758943382644,4
9,0.05,CRN,6,0.587538023881279,4
9,0.05,CRN,7,0.48460225906184073,4
9,0.05,CRN,8,0.4354250490521868,4
9,0.05,CRN,9,0.37021483798893773,4
9,0.05,CRN,10,0.27574949756961253,4
9,0.05,independent,1,310.2861512358727,8
9,0.05,independent,2,131.99095711846354,8
9,0.05,independent,3,123.18749994872101,8
9,0.05,independent,4,121.17657230506455,8
9,0.05,independent,5,118.30171943424212,8
9,0.05,independent,6,113.75072858088262,8
9,0.05,independent,7,112.4364582110977,8
9,0.05,independent,8,75.20624320000674,8
9,0.05,independent,9,57.03856970804127,8
9,0.05,independent,10,52.232645401612466,8
9,0.15,CRN,1,260.79327645379817,4
9,0.15,CRN,2,62.89466126914981,4
9,0.15,CRN,3,56.64158842899255,4
9,0.15,CRN,4,41.49728699483834,4
9,0.15,CRN,5,0.6341194678165164,4
9,0.15,CRN,6,0.5736251962266908,4
9,0.15,CRN,7,0.412618863650618,4
9,0.15,CRN,8,0.3894725509408876,4
9,0.15,CRN,9,0.30017130997217295,4
9,0.15,CRN,10,0.24414508586400213,4
9,0.15,independent,1,1099.9549142736191,9
9,0.15,independent,2,778.7396363951424,9
9,0.15,independent,3,618.7503535880768,9
9,0.15,independent,4,588.3366356544848,9
9,0.15,independent,5,553.8261608452001,9
9,0.15,independent,6,507.2223282641482,9
9,0.15,independent,7,488.5916028817206,9
9,0.15,independent,8,482.7100680972251,9
9,0.15,independent,9,306.4664950381183,9
9,0.15,independent,10,278.6851293428671,9
10,0.0,deterministic,1,237.82843719263877,4
10,0.0,deterministic,2,65.19257966296651,4
10,0.0,deterministic,3,48.357077354682815,4
10,0.0,deterministic,4,44.157050146617216,4
10,0.0,deterministic,5,0.7672509177538008,4
10,0.0,deterministic,6,0.46665316526381667,4
10,0.0,deterministic,7,0.4466720824777011,4
10,0.0,deterministic,8,0.4239429181174176,4
10,0.0,deterministic,9,0.3556742356472603,4
10,0.0,deterministic,10,0.26260531393323544,4
10,0.05,CRN,1,260.7932764537982,4
10,0.05,CRN,2,62.894661269149786,4
10,0.05,CRN,3,56.64158842899252,4
10,0.05,CRN,4,41.497286994838376,4
10,0.05,CRN,5,0.6341194678165147,4
10,0.05,CRN,6,0.5736251962266885,4
10,0.05,CRN,7,0.4126188636506169,4
10,0.05,CRN,8,0.3894725509408875,4
10,0.05,CRN,9,0.30017130997217434,4
10,0.05,CRN,10,0.24414508586400469,4
10,0.05,independent,1,318.02043198479134,8
10,0.05,independent,2,122.51022237307431,8
10,0.05,independent,3,109.44449035982362,8
10,0.05,independent,4,106.64988737345655,8
10,0.05,independent,5,93.11870053033567,8
10,0.05,independent,6,69.18266831135045,8
10,0.05,independent,7,65.30715822977773,8
10,0.05,independent,8,53.97968219541561,8
10,0.05,independent,9,34.399683782651095,8
10,0.05,independent,10,34.25834550992747,8
10,0.15,CRN,1,271.4209121520289,3
10,0.15,CRN,2,66.29413184027351,3
10,0.15,CRN,3,48.99429073975669,3
10,0.15,CRN,4,28.49950898761066,3
10,0.15,CRN,5,0.7071738500938253,3
10,0.15,CRN,6,0.5280725635460848,3
10,0.15,CRN,7,0.5191055407227602,3
10,0.15,CRN,8,0.4208750715518711,3
10,0.15,CRN,9,0.36358148029182175,3
10,0.15,CRN,10,0.31092262313140384,3
10,0.15,independent,1,1242.2486529515886,9
10,0.15,independent,2,1144.9109941102531,9
10,0.15,independent,3,1029.7240847303744,9
10,0.15,independent,4,919.4724912237488,9
10,0.15,independent,5,586.3447377358763,9
10,0.15,independent,6,481.6783523770788,9
10,0.15,independent,7,450.21224447798556,9
10,0.15,independent,8,429.43012989762406,9
10,0.15,independent,9,418.49663104318546,9
10,0.15,independent,10,393.7079365249768,9
11,0.0,deterministic,1,269.15310470835317,3
11,0.0,deterministic,2,65.44441841210532,3
11,0.0,deterministic,3,46.6607442254392,3
11,0.0,deterministic,4,35.58817923269827,3
11,0.0,deterministic,5,0.8048045802604316,3
11,0.0,deterministic,6,0.5997044699665094,3
11,0.0,deterministic,7,0.5162871863558622,3
11,0.0,deterministic,8,0.3897306417304625,3
11,0.0,deterministic,9,0.3183312772598805,3
11,0.0,deterministic,10,0.2994502218461862,3
11,0.05,CRN,1,271.4209121520289,3
11,0.05,CRN,2,66.29413184027355,3
11,0.05,CRN,3,48.99429073975669,3
11,0.05,CRN,4,28.499508987610614,3
11,0.05,CRN,5,0.7071738500938194,3
11,0.05,CRN,6,0.5280725635460911,3
11,0.05,CRN,7,0.519105540722757,3
11,0.05,CRN,8,0.420875071551864,3
11,0.05,CRN,9,0.3635814802918202,3
11,0.05,CRN,10,0.31092262313139907,3
11,0.05,independent,1,353.1153005450247,8
11,0.05,independent,2,184.35585911602018,8
11,0.05,independent,3,150.36418896672532,8
11,0.05,independent,4,114.37100277144766,8
11,0.05,independent,5,103.58047182417039,8
11,0.05,independent,6,65.82040182820026,8
11,0.05,independent,7,56.973144808794046,8
11,0.05,independent,8,50.451489851414536,8
11,0.05,independent,9,48.18641914847564,8
11,0.05,independent,10,46.99124380852627,8
11,0.15,CRN,1,252.66905849823638,4
11,0.15,CRN,2,68.78006629649924,4
11,0.15,CRN,3,53.76954816457958,4
11,0.15,CRN,4,47.58606073026478,4
11,0.15,CRN,5,0.8968008219439731,4
11,0.15,CRN,6,0.5620988458672507,4
11,0.15,CRN,7,0.42864323897638135,4
11,0.15,CRN,8,0.379446944336836,4
11,0.15,CRN,9,0.35458086227052454,4
11,0.15,CRN,10,0.28766820163621315,4
11,0.15,independent,1,991.2752554557674,9
11,0.15,independent,2,943.5439933473598,9
11,0.15,independent,3,832.7731382848174,9
11,0.15,independent,4,575.7237321831129,9
11,0.15,independent,5,561.739783857352,9
11,0.15,independent,6,554.4802378062302,9
11,0.15,independent,7,443.94689073390833,9
11,0.15,independent,8,411.6963173596081,9
11,0.15,independent,9,390.976435859642,9
11,0.15,independent,10,370.8116688188424,9
